Currencies,Pound,Euro,Yen,Franc,Dollar,Gold
,1.0000,0.6853,0.005290,0.4569,0.6368,208.100
,1.4599,1.0000,0.007721,0.6677,0.9303,304.028
,189.050,129.520,1.0000,85.4694,120.400,39346.7
,2.1904,1.4978,0.011574,1.0000,1.3941,455.200
,1.5714,1.0752,0.008309,0.7182,1.0000,327.250
,0.004816,0.003295,0.0000255,0.002201,0.003065,1.0000